{"Operation":"SubmitProbes","Payload":"[{\"SUNRISE_DISTANCE\":22551000,\"DAY_DURATION\":46320000,\"PROBE_TRANSMIT_MODE\":0,\"SUNSET_DISTANCE\":-23769000,\"SUNRISE\":1553212680084,\"GUID\":\"12e5a300-cf21-484e-91cd-77b92e1b0123\",\"PROBE\":\"edu.northwestern.cbits.purple_robot_manager.probes.features.SunriseSunsetFeature\",\"TIMESTAMP\":1553235231,\"IS_DAY\":true,\"LONGITUDE\":78.3457209,\"SUNSET\":1553259000084,\"LATITUDE\":17.4454423}]","UserHash":"34237272481aa6a02ea94799695a6982","Checksum":"e2501eab3ef44b29b969a734fe3cb084","ContentLength":417}